date,title,content
2022. 8. 16.,환승연애 요약 - 스퀘어 카테고리 - 더쿠,환승연애 요약 · 디제이맥스 감성 좋아하면 분명히 마음에 들 최근 리듬게임 노래 · 침실 꾸미기. · 고양이의 애착인형 빼앗기 · 아이유 콘서트 간 이준기(인스타) · 어제오늘 ...
2022. 10. 7.,환승연애2를 개같이 부활시킨 장면들.gif - 스퀘어 카테고리 - 더쿠,☞301덬 제발요ㅜㅜㅜㅜ 나 태이해은 주식 잡고는 있어... 309. 무명의 더쿠 2022-10-08.
2022. 8. 27.,별안간 아이유와 3년 연애하고 이별한 것 같은 환승연애2 패러디 ...,https://m.youtu.be/uErQFAjYiXs 이건 작년 환승연애 시즌1때 만들어진 패러디 영상인데 이것도 꽤 리얼하게 잘 만들었다고 생각해서 가져와봄 ...
2022. 9. 9. ,[환승연애2] 레드벨벳 싸이코 가사 그 잡채인 나연X희두 (스압주의),처 : 여성시대 쿳테 https://m.cafe.daum.net/subdued20club/ReHf/4037415 https://img.theqoo.net/wFYHd 사귄 기간을 보면 알겠지만 둘은 이미 깨붙을 많이 한 관계 ...
2022. 10. 19,<환승연애2> 최종화 단체 관람에 초대합니다! - 스퀘어 카테고리, 매주 우리를 울고 웃긴 <환승연애2> 최종화 단체 관람에 초대합니다! ❤상영 정보 10/28(금) 오후 3시 50분 CGV 연남 *본 이벤트는 티빙 인스타그램에서만 진행됩니다.
2022. 10. 29,[환승연애2] 진짜 출연료 더 줘야 하는 사람들.jpg - 더쿠, 일명 메기즈(희두 해은 나언 현규) https://img.theqoo.net/nSopE https://img.theqoo.net/Vfivd 1. 박나언 - 붕 떠있던 태이를 동태이에서 생태이로 만듦 - 김태이와 ...
2022. 9. 29.,환승연애2에서 남출 누구랑 붙어도 얼굴합 잘 어울리는거 같은 ...,안보는데 그냥 저분이 아름다워서 그런거 아니여? 2. 무명의 더쿠 2022-09-29. 삭제된 댓글입니다.
2022. 9. 30.,환승연애 16화 X 지목 결과 (스포주의 스포주의 스포주의) - 더쿠,"16화 강력 스포주의!!!! 난 말했다 스!포!주!의! https://img.theqoo.net/Mpvdr 여출이 자기 X, 즉 전남친이 내일 데이트 할 상대 지목하기."
2022. 10. 29,환승연애2 말 너무 맛깔나게 하는 명대사 제조기 나연 - 더쿠, 멋있는 사람이고! 꼭 행복해졌으면좋겠어! 8. 무명의 더쿠 2022-10-29. 나연이 말 너무 잘하고 ...
2022. 10. 27,HOT - 나는솔로 환승연애 출연료 - 더쿠, 나는솔로는 찐으로 급한 사람들이 나오고 환승연애는 걍 드라마나 마찬가지네. 출연료 2천만원 대박이다. 322. 무명의 더쿠 2022-10-27. 방송국 저렴하게 찍네.
2022. 10. 29,[환승연애2] 진짜 출연료 더 줘야 하는 사람들.jpg - 더쿠, 일명 메기즈(희두 해은 나언 현규) https://img.theqoo.net/nSopE https://img.theqoo.net/Vfivd 1. 박나언 - 붕 떠있던 태이를 동태이에서 생태이로 만듦 - 김태이와 ...
2022. 10. 8.,HOT - [환승연애2] 후반부 회차 갈수록 사랑받는 여출연자 - 더쿠,[환승연애2] 후반부 회차 갈수록 사랑받는 여출연자. https://theqoo.net/2604040216. 무명의 더쿠 | 10-10 | 조회 수 83865.
2022. 8. 5. ,[환승연애] 오늘자 패널들이 뜨거운 반응 보인 뉴메기 데이트 .twt,기 = 다른 출연자들보다 늦게 출연한 출연자들 여메기 = 성해은 남메기 = 남희두 ...
2022. 10. 21,[환승연애2] 결국 최종화에 나올듯한 화제의 그 장면 - 더쿠, https://gfycat.com/WhichThreadbareAfricanwildcat 일명 허리짤 티저에 풀어놓고 최종화 직전회차까지 안나옴.
2022. 10. 23,제작진들이 직접 말하는 <환승연애> 촬영.jpg - 스퀘어 카테고리," 일단 가장 힘든건 출연자 선정과 집 선정그리고 단기간 동안 정해진 동선 안에서만 촬영하는 일부 타 연애프로그램들과는 달리,환승연애는 정해진 동선이 없어서 이 ..."
2022. 10. 5.,연애기간 사기친 환승연애2 커플 - 스퀘어 카테고리 - 더쿠,시작부터 전여친 강아지 못생겼다고 주장하며 등장한 희두. 환승연애2] 풀지 못한 오해가 계속 쌓여 폭발한 나연 X 희두. 미친듯이 싸우는 혐관으로 많은 시청자들의 ...
2022. 10. 19,환승연애2) 현규가 노리는 해은이 옆자리 - 스퀘어 카테고리 - 더쿠, 해은 맞은편에 앉아있는 현규 그래서 점점 이동 겟 목적달성   ㅊㅊ 예능방.
2022. 11. 10,환승연애2 명장면 뽑아보기 - 스퀘어 카테고리 - 더쿠, https://gfycat.com/DelayedScrawnyAlbino 1. 환승연애의 시작이라고 많이들 말하는 해은 등장의 5화 그중에서도 가장 유명한 스물아홉이햐~ ...
2022. 10. 21,[환승연애2] 나언: 그러면 들어가지 말자! - 스퀘어 카테고리 - 더쿠, 너무.. 너무 귀야워..!! 2. 무명의 더쿠 2022-10-21. ㄱㅇㅇ.
2022. 10. 15,[환승연애2] 오천만 여성들 심금을 울리는 오늘자 명대사.jpg - 더쿠, 지금 남자친구 나 더쿠 보는데 굳이 와서 팔짱끼고 잠 그러면서 나보고 자야 되니까 움직이지말래 존나 귀여움. 306. 무명의 더쿠 2022-10-15.
2022. 9. 30.,환승연애 X 커플들 사이의 모든 문제점은 캐스팅 과정 ... - 더쿠,환승연애 X 커플들 사이의 모든 문제점은 캐스팅 과정에서 나오는 거 같다. https://theqoo.net/2592159019. 무명의 더쿠 | 09-27 | 조회 수 84382.
2022. 10. 29,환승연애2 말 너무 맛깔나게 하는 명대사 제조기 나연 - 더쿠, 멋있는 사람이고! 꼭 행복해졌으면좋겠어! 8. 무명의 더쿠 2022-10-29. 나연이 말 너무 잘하고 ...
2022. 10. 11,환승연애2 의외의 웃수저 담당.jpg - 스퀘어 카테고리 - 더쿠, https://img.theqoo.net/JMGuw https://img.theqoo.net/LucXB 새똥 맞음 https://gfycat.com/GreedyShockingIriomotecat 수족냉증인 해은언니 발 데워주는 중 ...
2022. 9. 23.,연애프로 역대급 메기라는 소리 듣는 환승연애2 현규 - 더쿠,https://twitter.com/ykdcbxq/status/1573213689007968257?s=21&t=L66Mlwl_uzAn8brmigGGag ...
2022. 10. 29,환승연애2 남희두 지문.jpg - 스퀘어 카테고리 - 더쿠, 환승연애2 남희두 지문. · 태진아 사생팬 후기 · 소시오패스가 가장 경멸하는 사람 · 외모에서 한소희 류진 이진 보이는 연예인 · 원래 하이브 웹툰용 OST로 만든 곡인데 팬 ...
2022. 9. 24.,[환승연애2] 사랑하면 닮는다던데...? 지연의 킹리적 갓심 O_Xㅣ ...,[환승연애2] 사랑하면 닮는다던데...? 지연의 킹리적 갓심 O_Xㅣ15화 선공개. https://theqoo.net/2588779872. 무명의 더쿠 | 09-23 | 조회 수 3860.
2022. 11. 10,환승연애2 명장면 뽑아보기 - 스퀘어 카테고리 - 더쿠, https://gfycat.com/DelayedScrawnyAlbino 1. 환승연애의 시작이라고 많이들 말하는 해은 등장의 5화 그중에서도 가장 유명한 스물아홉이햐~ ...
2022. 10. 25,[환승연애2] 최종선택 D-DAY! X와 NEW 사이 마지막 선택은?ㅣ ..., [환승연애2] 최종선택 D-DAY! X와 NEW 사이 마지막 선택은?ㅣ20화 예고. https://theqoo.net/2619623259. 무명의 더쿠 | 10-26 | 조회 수 3367.
2022. 10. 18,"""누나 내일 봬요""..'환승연애2', 메기 투입 통했다 - 스퀘어 카테고리", https://img.theqoo.net/PEQta /사진=티빙 '환승연애2'에서 메기 투입 작전이 통했다. 새로 투입된 출연자들이 화제성을 견인하고 있다. 지난 7월 첫 공개된 티빙 예능 ...
2022. 10. 10,예능 카테고리 - 더쿠, 환승연애2 이런게 왕자재질이라는건가; 16:43; 조회 13; 잡담. 환승연애2 출연자한테 고나리만하고 렉카영상 고나리안하고 냅두는게 ㄹㄱㄴ; 16:38; 조회 52; 잡담.
2022. 8. 6. ,[환승연애2] 5화 무료공개 | 당신의 X는 당신을 선택했습니다 - 더쿠, ㅠㅠ 나 이거 처음보는데 너무 슬프다 ㅠㅠㅠㅠㅠ 나는 지금 결혼할 남자친구랑 20대 같이 보냈어서 더 슬픔 ㅠㅠㅠㅠㅠ 저 여자분에 빙의 돼서 울면서 봤네 ㅠㅠㅠ ...
2022. 10. 21,환승연애2 하트시그널2 화제성 넘었다 vs 아직 아니다 - 더쿠, https://img.theqoo.net/GphDD https://img.theqoo.net/dcVJm https://gfycat.com/FlickeringPerfumedGypsymoth https://gfycat.com/RectangularLightDarwinsfox 원덬 ...
2022. 8. 26.,환승연애 공개시간이 언제야?? - 드영배 카테고리 - 더쿠,환승연애 공개시간이 언제야?? · 1. 무명의 더쿠 2022-08-26. 4 · 2. 무명의 더쿠 2022-08-26. 4시.
2022. 10. 7.,[환승연애2] 현규가 누군가와 이야기하자 자리를 피해주는 해은,[환승연애2] 현규가 누군가와 이야기하자 자리를 피해주는 해은. https://theqoo.net/2602332772. 무명의 더쿠 | 10-08 | 조회 수 15956. yyMbg.jpg AmcEJ.jpg
2022. 10. 25,(환승연애2)에 들어온 우렁각시 남메기 - 스퀘어 카테고리 - 더쿠, (환승연애2)에 들어온 우렁각시 남메기. https://theqoo.net/2619191137. 무명의 더쿠 | 10-25 | 조회 수 12876. 15화 입소 다음날 아침 전날 먹었던 흔적들
2022. 10. 19,뱀뱀으로 보는 환승연애2 요약.jpg - 스퀘어 카테고리 - 더쿠, 뱀뱀 명대사로 환승연애 정주행 완 왜 나는 대사만 봐도 어떤 상황인지 아는걸까.
2022. 10. 7.,[환승연애2] 환승연애 프로그램의 취지를 제일 잘 알고 있는 나연 ...,그런데 희두는 자꾸 나한테 직진한다더니 다른 남자랑 만난다고 화내는 중 그런데 그가 저걸로 화내는 이유는 HjoLr ?? 희두는 헤어졌다고 생각하지 않는 상태에서 ...
2022. 7. 15.,환승연애 에서 <남의 연애> 찍는 출연자 - 스퀘어 카테고리 - 더쿠,ㅅㅂ 이거 환승연애 맞음? 이거 사실 남의연애 아닌가요........ 규칙중에 남자끼리 눈맞으면안된다는건.. 없었던거같긴한데;; 규민씨 원빈씨한테 왜이러세요ㅠ ...
2022. 10. 25,<환승연애2> 최종화 단체 관람 추가 대관 확정!! - 스퀘어 카테고리, https://twitter.com/tvingdotcom/status/1584817042624024578?s=46&t=gXvoAt0FmXK8pOsJpiw5vA.
2022. 10. 29,[환승연애2] 개인적으로 희두나연 결말이 만족스러운 이유 - 더쿠, 시청자들이 불편해 했던 행동들 촬영중에 <<스스로>> 뒤돌아보고 반성함+나연이를 있는 그대로 그 사람으로 인정하고 이해하려함 제일 중요   GUnDV 4년간의 연애나 ...
2022. 7. 22.,[환승연애2] 실시간 논란 많은 환승연애 (강력스포) - 더쿠,https://twitter.com/ukikmai/status/1550384301627256832?s=20&t=lGfNlzg8J9efA2e4sdrq8Q ...
2022. 9. 23.,[환승연애] 연하남 끝판왕 등장이라는 새로운 입주자(스포주의),정현규 씨 ㅁㅊ다.. 공개적인 지목 좀 부끄러울 수도 있는데 진짜 잠깐 고민하더니 저 지목해도 될까요 저기 해은 누나.. 막타로 눈맞추고 내일 봬요 누나 지금 나 ...
2022. 10. 9.,환승연애2 보다보면 이거 내가 봐도 되는건가 싶은 달글 - 더쿠,환승연애2 보다보면 이거 내가 봐도 되는건가 싶은 달글 · 1. 무명의 더쿠 2022-10-09. 2일차에 저렇게 손잡는거보고 좀 놀람 · 2. 무명의 더쿠 2022-10-09 · 3. 무명의 더쿠 ...
2022. 10. 28,환승연애2 지연 의외의 노래실력 - 스퀘어 카테고리 - 더쿠, Listen to 가끔 난 니 강아지같애 by jjjoyeey on #SoundCloud https://on.soundcloud.com/dT8Hq 자작곡이라는데 생각보다 노래 좋고 음색 좋아서 놀람 ㅋㅋ +)노래 ...
2022. 10. 27,나는솔로 환승연애 출연료 - 스퀘어 카테고리 - 더쿠, 나는솔로는 찐으로 급한 사람들이 나오고 환승연애는 걍 드라마나 마찬가지네. 출연료 2천만원 대박이다. 322. 무명의 더쿠 2022-10-27. 방송국 저렴하게 찍네.
2022. 10. 7.,[환승연애2] 현실 로코드라마 그자체였다는 오늘자 환승연애 - 더쿠,손잡았다고 핫게 간 그들 맞음 영상 타임라인 순 정렬 https://twitter.com/blueblewblued/status/1578296929259524100?t=iJzvy2EMo8Ih5OEwk_9tSg&s=19 손잡기 전 서로 ...
2022. 11. 6.,정답이었던 환승연애2 포스터 궁예.jpg - 스퀘어 카테고리 - 더쿠,https://img.theqoo.net/NIkJv 매회 시청자를 애타게 하는 만큼 다양한 추측이 난무하는 '환승 연애2'. 그중 포스터에 최종 커플 스포가 담겨 있다는 주장도 등장 ...
2022. 10. 2.,??환승연애 러닝타임 무슨 일이야? - 케이돌토크 카테고리 - 더쿠,하도 난리길래 보려고 하는데 엄청 기네?? 언제 다 봐야되짘ㅋㅋㅋㅋㅋ 꼭 첫회부터 봐야 재미를 느낄 수 있으려나..?ㅜㅜ.
2022. 10. 16,뒤늦게 혼자 환승연애 달리는 달글 - 예능 카테고리 - 더쿠, 이렇게 하는거 맞겠지? 예전에 드영배방에서 한 번 이렇게 해봤는데.
2022. 10. 24,'환승연애'란 프로그램의 정체성을 한방에 설명하는듯한 오늘자 ...," 추억은 현재의 설레임, 도파민을 이길수없구나를 한번 더 느낀 회차이자. 환승연애란 프로그램을 설명하는 장면처럼도 느껴지고 기분이 묘했음."
2022. 7. 15.,환승연애 에서 <남의 연애> 찍는 출연자 - 스퀘어 카테고리 - 더쿠,ㅅㅂ 이거 환승연애 맞음? 이거 사실 남의연애 아닌가요........ 규칙중에 남자끼리 눈맞으면안된다는건.. 없었던거같긴한데;; 규민씨 원빈씨한테 왜이러세요ㅠ ...
2022. 10. 14,"[환승연애] 현규야 미쳤니,,,, 환승연애 보는 날 꼬시지 말고 ... - 더쿠", https://twitter.com/Gibbous_M/status/1580833410112573440?s=20&t=FzsTkE2eVuPOIyFbweKZWw.
2022. 10. 17,[환승연애2] 만난지 5일됐지만 벌써 1일 같은 현규해은 - 더쿠, 역대급 설렜던 환승연애 18화 현규해은 데이트 **짤많음주의 [img=https://k.kakaocdn.net/dn/4NeCJ/btrOEixyFRP/g0kQjFxObfUDc6JNZaqK80/img.gif] ...
2022. 10. 28,[환승연애2] 진작 덮머하지 그랬냐고 말 나오는 출연자 - 더쿠, https://img.theqoo.net/utROW 은 바로 규민 사실 너무 초면이라 원덬은 누가 규민인지 처음에 못 찾음...
2022. 10. 23,환승연애2에 과몰입한 아이돌들.jpg - 스퀘어 카테고리 - 더쿠," 손동표 환승연애 따라하는 거 개웃겨ㅠㅠㅠㅠㅠㅠㅠㅠㅠㅠㅠㅠㅠㅠㅠㅠㅠㅠ 손잡는거에서 기절함 pic.twitter.com/pQg1VnR1Q0. — 몰 (@molzz_v) July 20, 2022."
2022. 10. 26,(환승연애) 최종선택 이후 모습이라고 궁예 나오는 장면 - 더쿠, https://gfycat.com/AgedAffectionateDiplodocus 현규 출연하기 전에 예고로 나온 현규해은 뒷모습.
2022. 10. 23,환승연애 시청자들이 출연자들 체력 오진다 생각하는 부분.jpg, 맨날 저렇게 술 마시고 새벽까지 있다가 해 뜨면 자러 감ㅋㅋㅋㅋㅋㅋ 하루이틀 아니고 거의 매일 저 루틴임ㅋㅋㅋㅋㅋ.
2022. 10. 11,환승연애1도 당연히 봤죠 매주 나올때마다 바로 봣어요 내가 ..., 환승연애1도 당연히 봤죠 매주 나올때마다 바로 봣어요 내가 제일 좋아하는 커플은 현규해은이랑 태이나언◠‿◠ 현규님 어떻게 너무 서윗해.. · 【6/17 외부 디도스 공격 ...
2022. 10. 8.,"[환승연애]애니를 대하는 오타쿠,갓반인,찐 - 스퀘어 카테고리",https://twitter.com/focusonstetc/status/1578291621044846592?t=Q3OCkGl2KnA5UdrMQqy6Sg&s=19 ...
2022. 10. 21,환승연애2에 과몰입한 아이돌들.jpg - 스퀘어 카테고리 - 더쿠, 존나웃겨ㅋㅋㅋㅋㅋㅋ 다들 환승연애하세요... 9. 무명의 더쿠 2022-10-13. 아니 미친 태국사람 ...
2022. 10. 21,[환승연애2] 아직도 규민에게 미련 많이 남아있어보이는 해은…twt, 오늘 환승연애 해은규민 헤어지는 중인 거 같음 오늘 해은웅니랑 정규민둘이 우는 거 보고 헤어지는 날에 서로 예상해서 우는 거같아서 폭풍오열했다…
2022. 10. 14,[환승연애]전남친 내려치기와 썸남 올려치기 동시에 가능 - 더쿠, https://twitter.com/__onechzn/status/1580825377991450626?s=46&t=Nkp8wR8iCHit0zo1eaTROw ㅋㅋㅋㅋㅋㅋㅋ.
2022. 10. 2.,전체 게시판 - 환승연애가 그렇게 재밌어?? - 더쿠,나 연애예능 하나도 안보는데 한번 볼까?? 극혐하고 이래서 안본게 아니라 관심이 없어서 안봤거든.
2022. 10. 21,'환승연애'란 프로그램의 정체성을 한방에 설명하는듯한 오늘자 ...," 추억은 현재의 설레임, 도파민을 이길수없구나를 한번 더 느낀 회차이자. 환승연애란 프로그램을 설명하는 장면처럼도 느껴지고 기분이 묘했음."
2022. 11. 9.,환승연애 나연 싸인 - 스퀘어 카테고리 - 더쿠,환승연애 나연 싸인. https://theqoo.net/2631296889. 무명의 더쿠 | 11-07 | 조회 수 8826. AVHbJ 본인 피셜 싸인이 없다고함 ㅋㅋㅋㅋㅋ졸귀탱ㅋㅋㅋㅋㅋㅋㅋㅋ ...
2022. 10. 9.,다소 의외라는 반응이 있는 환승연애2 나언 인스타 - 더쿠,... 참고로 나언 이사람임 환승연애2 메기로 투입된 출연자 https://img.theqoo.net/HZaPu https://img.theqoo.net/yKdxc https://img.theqoo.ne...
2022. 10. 8.,예능적 재미 화룡점정이었던 환승연애2 17화.jpg - 더쿠,https://img.theqoo.net/bqSmA.
2022. 10. 27,황후의 품격 잠깐 출연했던 환승연애 태이 - 스퀘어 카테고리 - 더쿠, 헐 황품은 첨알았어ㅋㅋㅋㅋㅋㅋ 비교적 최근까지도 했네?? 2. 무명의 더쿠 2022-10-28. 끼발 태이 연기 ...
2022. 10. 28,[SC이슈] 연애 예능 레전드..'환승연애2' 논란 지우고 용두용미 ..., https://img.theqoo.net/qWatz [스포츠조선 문지연 기자] '환승연애2'가 논란 속에서도 '용두용미' 결말을 맞으며 시청자들의 성난 민심을 달랬다.
2022. 10. 24,환승연애2 출연진들 인스타 팔로워 근황 - 스퀘어 카테고리 - 더쿠, 환승연애2 출연진들 인스타 팔로워 근황. https://theqoo.net/2610501372. 무명의 더쿠 | 10-16 | 조회 수 16899. XUkFH 성해은 *5화부터 출연
2022. 10. 11,환승연애2 제작진 고소 공지 - 스퀘어 카테고리 - 더쿠, 또 다음 카페야? 거긴 뭐 악플러 밭인가? 13. 무명의 더쿠 2022-10-07. ☞11덬 허위 ...
2022. 10. 12,[환승연애2] 현규가 누군가와 이야기하자 자리를 피해주는 해은, https://img.theqoo.net/upIHW 로코여주 그 잡채 ㅋㅋㅋㅋㅋ.
2022. 10. 28,환승연애 PD 피셜 가장 걱정됐다는 여자출연자.JPG - 더쿠," 여자 분은 나연씨가 가장 걱정이 됐다. 앞으로 펼칠 내용에서도 나연씨가 고민을 많이 하는데, 그 고민이 이해가 되면서 얼마나 힘들까 생각했다."
2022. 10. 1.,아직 환승연애2에 안나온 도파민 장면 - 스퀘어 카테고리 - 더쿠,https://img.theqoo.net/gRCSQ https://img.theqoo.net/Peafc 진실게임 시즌1에서 질문이 생각보다 직설적이라 보는 사람이 다 기빨렸고 이게 보현이의 최종선택에도 ...
2022. 10. 16,"'환승연애2' 욕설→'나는솔로' 스킨십, 리얼하다 탈난 연애 ... - 더쿠", https://img.theqoo.net/kkygR 솔직한 매력을 내세웠다가 욕설로 프로그램에 먹칠까지 한 '환승연애2' 지연과 거침없는 말과 그보다 더 빠른 손으로 매주 논란이 되는 ...
2022. 9. 29.,환승연애2 16화 선공개 - 스퀘어 카테고리 - 더쿠,황희찬 역전골에 기뻐하는 광화문 거리응원 안내요원분들.gif · 커뮤덕분에 지정헌혈로 살아난 아기 근황 · “5만 원 내고 밥까지 먹었어?”… · 골키퍼 골 레전드 · 환승연애 ...
2022. 10. 27,전체 게시판 - 내일 환승연애 몇시에 실시간이야? - 더쿠, 우리팀 팀장님 환연에 미쳐있어서 빠른 퇴근할거같은데 (제발.)
2022. 10. 17,"'환승연애2' 욕설→'나는솔로' 스킨십, 리얼하다 탈난 연애 ... - 더쿠", https://img.theqoo.net/kkygR 솔직한 매력을 내세웠다가 욕설로 프로그램에 먹칠까지 한 '환승연애2' 지연과 거침없는 말과 그보다 더 빠른 손으로 매주 논란이 되는 ...
2022. 7. 15.,[환승연애2] 첫 공개된 X커플 서사 공개 .jpg - 스퀘어 카테고리,https://img.theqoo.net/pBllR.
2022. 10. 28,내돌 자기를 환승연애가 성장시켜줬댄다 - 예능 카테고리 - 더쿠, 이제 좀 자볼까 하고 누웠다가 빵터짐ㅋㅋㅋㅋㅋㅋ https://img.theqoo.net/KMTYL 환승연애는 저를 성장시켜준 프로그램이에요 ㅋㅋㅋㅋㅋㅋ 해은누나 때문에 가슴이 ...
2022. 10. 7.,ㅇㅋㅌ 환승연애 몇화부터 봐야함? - 케이돌토크 카테고리 - 더쿠,처음부터 보기엔 넘 긴데 최근몇화부터 봐야할까? 아니면 시간 걸리더라고 처음부터 보는거 추천해?
2022. 7. 29.,환승연애 제작진 이거 믿고 지금까지 나댄거엿네 - 더쿠,https://m.youtu.be/1iQTZRCn1ks https://twitter.com/kjagyi/status/1552955188712878081?s=21&t=D5mjXNcbiJONYLF8OjrKgg ...
2022. 10. 14,환승연애 현규 : 울지는 않게 해줄게 내가 - 스퀘어 카테고리 - 더쿠, https://img.theqoo.net/UfVfO 김은숙 드라마 남주 아니시냐며..
2022. 10. 11,환승연애2 몇화부터 재밌어? - 케이돌토크 카테고리 - 더쿠, 환승연애2 몇화부터 재밌어? · apc는 그 사망당일에도 빵생산하고 다 유통했다는거보고 진짜.. · [펌] 유동규 회유 정황. · 김진태 사태 관련해서 ㅂㄹㅇㄷ 짤 도는거 주웠 ...
2022. 10. 23,환승연애2에 과몰입한 아이돌들.jpg - 스퀘어 카테고리 - 더쿠," 손동표 환승연애 따라하는 거 개웃겨ㅠㅠㅠㅠㅠㅠㅠㅠㅠㅠㅠㅠㅠㅠㅠㅠㅠㅠ 손잡는거에서 기절함 pic.twitter.com/pQg1VnR1Q0. — 몰 (@molzz_v) July 20, 2022."
2022. 9. 24.,환승연애 시즌1 vs 시즌2 화제성 뭐가 더 큰지 골라보기 - 더쿠,일단 나는 1안보고 2 존나 재밌게보는중ㅋㅋㅋ더쿠 슼에 그 강아지못생겼다고 하는거때문에 궁금해서ㅋㅋㅋㅋ보기시작함. 421. 무명의 더쿠 2022-09-24.
2022. 10. 28,환승연애2 상여자 그자체였던 희두 선택전 나연 고백.JPG - 더쿠, https://img.theqoo.net/MaTnB https://img.theqoo.net/rtKGU.
2022. 10. 21,[환승연애2] 규민해은이 왜 7년 만났는지 알 것 같은 티키타카.twt, https://twitter.com/lovstoryzip/status/1583356220580442112?s=20&t=8SZtU9Ylie424s8MJ7tAIA 둘이 진짜 잘 맞고 티격태격하는거 같아도 진심으로 이겨먹으려고 하지 ...
2022. 10. 21,[환승연애2] 오늘자 나까지 뼈맞은것 같은 현규 지연 대화 전문.jpg, 지연이 진심 무례했어. 벌레 탓하면서 앞사람 들으라는 식으로 말하는거 누가 몰라. 302. 무명의 더쿠 2022-10-15.
2022. 10. 21,[환승연애2] 아직도 규민에게 미련 많이 남아있어보이는 해은…twt, 오늘 환승연애 해은규민 헤어지는 중인 거 같음 오늘 해은웅니랑 정규민둘이 우는 거 보고 헤어지는 날에 서로 예상해서 우는 거같아서 폭풍오열했다…
2022. 9. 23.,[환승연애2] 의외로 두개의 심장인 것 같은 남출 - 스퀘어 카테고리,( ㅅㅍㅈㅇ ))) 주어는 희두 X인 나연한테 찐사인 건 말모고 의외로 지연한테도 찐텐같아서 모아봄 1. 지연 볼에 있는 보조개 만져보고 좋아함 ...
2022. 10. 14,전체 게시판 - 환승연애 언급한 돌들 있음? - 더쿠, 몬엑 형원아이엠 환승연애 본다고 브라운관 안으로 들어갔데ㅋㅋㅋㅋ. 11. 무명의 더쿠 2022-10-13. 슬기. 12. 무명의 더쿠 2022-10-13. 규현 조떡규떡 3편에서 언급함.
2022. 10. 29,환승연애2 촬영일자가 언제쯤이야? - 예능 카테고리 - 더쿠, 비회원은 작성한 지 1시간 이내의 댓글은 읽을 수 없습니다. 로그인 후에 바로 열람 가능합니다 ^^. 2. 무명의 더쿠 2022-10-30. 비회원은 작성한 지 1시간 이내의 ...
2022. 11. 7.,HOT - 나연이가 환승연애에서 입고나온 옷 스타일 모음 - 더쿠,나연이가 환승연애에서 입고나온 옷 스타일 모음. https://theqoo.net/2623678658. 무명의 더쿠 | 10-30 | 조회 수 67980. vDnWy qIKSn XJktk HoTDb yENvB fciTP dFuBd
2022. 11. 7.,환승연애2 마지막회에서야 밝혀진 목걸이 서사.jpg - 더쿠,"최종선택 전날,X인 규민과의 마지막 데이트에서해은이가 하고 있던 목걸이는 규민이가 스물다섯에 선물해준해은에게 뜻깊은 목걸이규민에게 미련이 많은 해은이었기에 ..."
2022. 10. 27,혹시 오늘 환승연애는 실시간 스트리밍으로 같이 보는거야? - 더쿠, 그럼 실시간 스트리밍 놓치면 아예 다시 못보는거야?ㅠㅠ 다시보기는 올라오지? 6. 무명의 더쿠 2022-10-28.
2022. 10. 12,[환승연애2] 환연 온커뮤마다 희두나연 화법 쓸줄 아는거 개웃겨, 더쿠의 취지가 뭔데? 그냥 더쿠야. 덕질하라고 만든 곳. 혼자 덕질을 하거나 덬과 덬이 새롭게 덕질을 창조하는 곳. 2. 무명의 더쿠 2022-10-12.
2022. 10. 21,환승연애가 뭐야??? -> 성해은 - 예능 카테고리 - 더쿠, 환승연애2 현해 포옹할때 현규 광대가 너무웃겨 · 17:50 · 조회 328 · 잡담.
2022. 10. 11,환승연애 나언 해은 생일 피드 온도차 ㅋㅋㅋㅋ - 스퀘어 카테고리, 해은 복직했어? 4. 무명의 더쿠 2022-10-11. ☞3덬 태그 보니 2019년 글이네.
2022. 10. 17,"연애 예능은 최초..'환승연애2' 최종회, 단체관람 이벤트까지 연다"," 이날 상영회에는 '환승연애2'의 여정을 이끌었던 MC 정기석(쌈디), 김예원, 유라, 뱀뱀이 함께할 예정이다. 패널로 함께 했던 이용진은 스케줄 상 부득이하게 참석하지 ..."
2022. 9. 27.,환승연애2 16회 예고편 썸네일 난리남 (ㅅㅍ) - 스퀘어 카테고리,https://img.theqoo.net/hlSzB https://m.youtu.be/T4Oh4fp9GyU 노젓기 시작한 티빙 ㄷㄷ.
2022. 9. 29.,"'환승연애2' 정현규, 입주 하루만에…MC들 환호한 역대급 이변 ...",30일 공개되는 티빙 오리지널 '환승연애2' 16화에서는 지난 화에서 서로 간 X의 정체를 알게된 입주자들이 완벽히 무장해제된 채 각자의 방향에 속도감을 올릴 예정 ...
2022. 11. 1.,대박난거같은 환승연애2.jpg - 스퀘어 카테고리 - 더쿠,해은 WNKuT 현규 BQMud 나연 YbSsD 나언 qORxM 태이. Ymwlx 희두 SHmhW 지연 sbNNv 규민 HeJgs 지수 40만 넘는 출연자들 넷이나 됨 CxXas 3화만 나온 이현도 20만 넘김
2022. 11. 8.,환승연애2 정현규 인스타그램 업뎃 (feat. 출연진 전원) - 더쿠,환승연애2 정현규 인스타그램 업뎃 (feat. 출연진 전원). https://theqoo.net/2633217217. 무명의 더쿠 | 11-09 | 조회 수 76539.
2022. 10. 28,환승연애2 해은 인스스 올라왔던 사진 ㅇㅇ랑 있던 날이었음.jpg ..., https://img.theqoo.net/QBHSA 기존에 올라온 인스스 사진 https://img.theqoo.net/oMULn 오늘 환연 막방에서 풀린 사진.
2022. 10. 12,[환승연애] 개싸운 전여친이 잠결에 내이름 부른걸 알게됐을때.jpg, 전여친과 겁나 싸우고 (라고 쓰고 혼자 일방적으로 자존심 내세우고 라고 읽는) 그날 밤 싸운 전남친 이름을 잠꼬대로 부르는 찐 사랑꾼 나연 ...
2022. 10. 29,다들 안믿었던 환승연애 스포.jpg - 스퀘어 카테고리 - 더쿠, 다들 안믿었던 환승연애 스포.jpg. https://theqoo.net/2621915744. 무명의 더쿠 | 10-28 | 조회 수 13536. LhnhI 스포 다 믿거 분위기였지만
2022. 10. 7.,[환승연애2] 현실 로코드라마 그자체였다는 오늘자 환승연애 - 더쿠,손잡았다고 핫게 간 그들 맞음 영상 타임라인 순 정렬 https://twitter.com/blueblewblued/status/1578296929259524100?t=iJzvy2EMo8Ih5OEwk_9tSg&s=19 손잡기 전 서로 ...
2022. 11. 9.,환승연애2에서 의자왕이었던 것으로 밝혀진 출연자 (유머) - 더쿠,(드립임) 고양이 1 토끼 1 고양이2 까지 야무지게 수집한 의문의 하루필름 광공 성해은.
2022. 7. 25.,방영 이후로 꾸준히 말나오는중인 어제자 환승연애 장면 - 더쿠,술먹고 출연진들이 취기 올라서 살짝 티격태격하는 장면인데 보통 연애프로그램이면 편집으로 쳐낼 장면을 오히려 강조해서 보여줌 (서로 관심이 있어) 티키타카 하는 ...
2022. 8. 19.,환승연애 제작진 신박한거같은 달글.jpg - 스퀘어 카테고리 - 더쿠,환승연애 제작진 신박한거같은 달글.jpg. https://theqoo.net/2502937987. 무명의 더쿠 | 06-30 | 조회 수 12437. ahLJB WRaDm oLmBf ThzlN vBhPp TabOQ QclVp leYKi
2022. 11. 9.,환승연애 섭외과정.twt - 스퀘어 카테고리 - 더쿠,https://twitter.com/lovstoryzip/status/1590339809071202304 이용진이 어 진짜저렇게 하는거지뭐~ 라고해서 찐피셜인지는 모르겠고 상황극이 너무 웃김.
2022. 10. 29,[환승연애2] 모든 시제 다 써가며 고백하는 현규 - 스퀘어 카테고리, https://img.theqoo.net/Yrwjo 과거 미래 현재 다 써가며 확신줌 https://gfycat.com/ActiveDeterminedDore 행복하게 해준다고 노력해볼게로 고백 마무리함 ...
2022. 11. 5.,거의 매일 발견되고 있는 환승연애 희두나연 목격사진 - 더쿠,브이로그찍어 아니 브이로그찍지마 찍다 싸울 것 같애 킹치만 배틀연애 이제 어디서 보나. 102. 무명의 더쿠 2022-11-06. 겨론해라 진짜.
2022. 10. 14,환승연애2 전 연인이 직접 쓴 소개서.jpg - 스퀘어 카테고리 - 더쿠, 지연이 호텔 무슨과라지 않았어? 4. 무명의 더쿠 2022-10-09. 헐 나이가 다들 비슷한데 중간에 ...
2022. 10. 30,환승연애 희두 50문답 유튜브 영상 댓글.jpg - 스퀘어 카테고리, https://img.theqoo.net/GRthA 이나연 행복해 남희두 건강해.
2022. 10. 28,오늘 환승연애 뜻밖에 열일한 사람 - 스퀘어 카테고리 - 더쿠," 나의 오랜 연인에게까지   환승연애 보시는 분들 가사 보고 가세요.. pic.twitter.com/m6h3iSbCeI. — 1017 (@dacodong02) October 28, 2022."
2022. 11. 2.,환승연애 한 장 요약 - 스퀘어 카테고리 - 더쿠,현규가 나언이한태 고백 대사 추천하는거 미쳤냐 니 인생의 절반을 줘 내 인생의 절반을 줄게 .. 걍 감성충만 고백대사인줄알았는데 강철의 연금술사 대사란다 야이씹 ...
2022. 9. 9. ,환승연애 나연 닮았다고 디엠온다는 사람.jpg - 스퀘어 카테고리,승연애 나연 닮았다고 디엠온다는 사람.jpg · 이거 걸그룹 노래야 그리고 14살 ~ 16살이래 · 얘들아 한국 디즈니 프린세스 심청 보고가   (심청전 - Dive) · 여전히 아이돌 ...
2022. 7. 17.,"흥했다 '환승연애2', 시즌1 대비 시청 UV 7배 증가…유료가입 ...",(엑스포츠뉴스 황수연 기자) 과몰입 연애 리얼리티 '환승연애2'의 환승행 버스가 마침내 힘찬 출발을 알렸다.지난 15일 스트리밍으로 공개된 티빙 오리지널 '환승 ...
2022. 7. 15.,[환승연애2] 첫 공개된 X커플 서사 공개 .jpg - 스퀘어 카테고리,https://img.theqoo.net/pBllR.
2022. 10. 14,"HOT - [환승연애2] 원하는 사람과 데이트를 합니다   단, 쌍방일 ...", 차라리 규민이가나을정도다 왜저렇게 막대해? 602. 무명의 더쿠 2022-10-14. 현규는 걍 넘나 거절 ...
2022. 10. 21,[환승연애2] 오늘자 나까지 뼈맞은것 같은 현규 지연 대화 전문.jpg, 지연이 진심 무례했어. 벌레 탓하면서 앞사람 들으라는 식으로 말하는거 누가 몰라. 302. 무명의 더쿠 2022-10-15.
2022. 9. 29.,서사에 환장하는 원덬이 본 어제자 환승연애2 - 스퀘어 카테고리,환연2 보는 사람이라면 알겠지만 오늘 새로운 남메기가 등장함 https://img.theqoo.net/Aotpw 이 사람 등장 땐 머리가 약간 홍합 같은데 그럼에도 불구하고 잘생김 ...
2022. 10. 20,"'환승연애2' 해은  현규, 결말만 못 당겨본다…최종 선택 라이브로 ...", https://img.theqoo.net/JGBBz [스포티비뉴스=장진리 기자] '환승연애2'가 로맨스의 결말을 라이브 스트리밍으로 공개하기로 했다. 티빙 '환승연애2'는 해은-현규 등 ...
2022. 11. 1.,[환승연애2] 마지막회 시청자들이 희두 찐으로 이해(?)하게 된 ...,나연이가 먼저 희두 최종선택했는데 희두 반응이 찐놀람 ㅇㅇ 시청자들 찐으로 놀란 지점...아니 진짜 몰랐다고!?   그래서 그랬던거야?
2022. 10. 27,오늘 환승연애2 최종화 나오는 날인데 단체관람 함 - 더쿠, https://img.theqoo.net/Jwjnq https://img.theqoo.net/cSgZd https://img.theqoo.net/PETUv 환연2 패널들과 함께하는 단관 ㅠ 부럽다.
2022. 10. 28,[환승연애2] 나연 희두가 재회가 아닌 이유 - 스퀘어 카테고리, 맨마지막은 다시만나는게 재회 아님? 헤어진적이 없는거면 그냥 계속 만난다 아님? ㅋㅋㅋㅋ. 11. 무명의 더쿠 2022-10-29. 삭제된 댓글입니다. (삭제일시: 2022/10/30 ...
2022. 9. 13.,'환승연애2' PD “규민·지연 향한 악플 안타까워…과도한 비난 ...,이진주 PD가 규민과 지연 등 일부 출연자들에 대한 과도한 악성 댓글에 안타까움을 드러냈다. 티빙 오리지널 연애 리얼리티 예능 '환승연애2'는 지난해 화제 속 방송된 ' ...
2022. 9. 16.,전체 게시판 - 환연 이 분은 환승연애 박사학위 드려야할듯... - 더쿠,https://img.theqoo.net/AoAKC 논문인줄.
2022. 10. 28,[환승연애2] 애니 명대사로 고백 코칭 해준 현규 - 스퀘어 카테고리, https://twitter.com/luviszoo/status/1585941559073460224?s=46&t=nTqFUKekMoQqPoogYXyLfg 결과 https://img.theqoo.net/ZUBDM https://img.theqoo.net/TJoXg.
2022. 8. 28.,미지근하던 '환승연애'에 강력한 메기의 등장이라 [TV와치] - 더쿠,https://img.theqoo.net/OJSrV [뉴스엔 박정민 기자] '환승연애2'의 현명한 메기 활용법이 눈길을 끈다. 티빙 오리지널 '환승연애'는 지난해 신드롬급 인기를 누린 ...
2022. 10. 28,환승연애2 어제 여기 할리우드냐고 말나왔던 장면 - 더쿠, 현규 나언 전남친여친 관계 현규 해은 최종커플 관계 셋이 옹기종기 모여 사진찍는 상황 ...
2022. 8. 27.,환승연애 돌들로 상플영상 보는데 다들 왜이렇게 잘만들어ㅋㅋ ...,알고리즘 뜬거 아무거나 봤는데 다 진짜같음ㅋㅋㅋㅋㅋㅋㅋㅋ 막 자기소개 하는 자료들 있으면 더 좋은듯ㅋㅋㅋㅋ 대리설렘 느끼는중ㅋㅋㅋ.
2022. 10. 11,환승연애2 의외의 웃수저 담당.jpg - 스퀘어 카테고리 - 더쿠, https://img.theqoo.net/JMGuw https://img.theqoo.net/LucXB 새똥 맞음 https://gfycat.com/GreedyShockingIriomotecat 수족냉증인 해은언니 발 데워주는 중 ...
2022. 10. 16,막례 할머니와 친구들이 환승연애 못나가는 이유.jpg - 더쿠, 환생연애ㅋㅋㅋㅋ. 4. 무명의 더쿠 2022-10-13. 근데 왜 할머니 유튭에 환연리뷰 1한거 왜 없어진디아는덬 ㅠㅠㅠㅠㅠㅠㅠ내가못찾는건가ㅠㅠㅠㅠ.
2022. 10. 28,[환승연애2] (강스포) 편집됐던 과 스킨십 - 스퀘어 카테고리, https://twitter.com/ykdcbxq/status/1585957850148671488?t=3G1zzw0dyp1qGhZjgZsr9w&s=19 https://img.theqoo.net/hHbvD 성해은↔정현규 전화에서 둘이 스킨십 안보여 ...
2022. 9. 16.,환승연애 14화 본 후기 - 스퀘어 카테고리 - 더쿠,환승연애 14화 올라왓어..? 왜 난 리스트에 13화가 마지막이지 ㅠ. 4. 무명의 더쿠 2022-09-16. 뭘까 ㅋㅋㅋㅋ 이따 바야지. 5. 무명의 더쿠 2022-09-16.
2022. 9. 13.,"'환승연애2' 이진주 PD ""숙소논란 죄송, 사랑이100% 목적인 ...",이번 '환승 연애 2'는 방송 중 지저분한 숙소 위생이 논란이 되기도 했다. 며칠째 술자리 식탁을 치우지 않고 음식 쓰레기가 있어 파리가 날아다니는 등의 이슈에 대해 ...
2022. 9. 24.,ㅇㅂㅇ 환승연애는 미리보기 없나 - BL 카테고리 - 더쿠,ㅇㅂㅇ 환승연애는 미리보기 없나. https://theqoo.net/2589559586. 무명의 더쿠 | 09-24 | 조회 수 181. 하 시발 담주 궁금해 웹툰처럼 돈받고 미리보기 해달라 해은 ...
2022. 10. 8.,[환승연애2]프로그램 취지가지고도 싸우는 나연X희두.jpg - 더쿠,[환승연애2]프로그램 취지가지고도 싸우는 나연X희두.jpg. https://theqoo.net/2601808368. 무명의 더쿠 | 10-07 | 조회 수 73180. ㅊㅊ 여시
2022. 11. 4.,환승연애 출연자 섭외 과정.jpg - 스퀘어 카테고리 - 더쿠,환승연애 출연자 섭외 과정.jpg ; 1. 무명의 더쿠 · 잘되는데에는 이유가 잇네 ; 2. 무명의 더쿠 · 근데 다른 연프보다 환연이 더 출연진 보호하는 느낌이 들긴함. 유튭도 공식 ...
2022. 9. 16.,환승연애 14화 본 후기 - 스퀘어 카테고리 - 더쿠,환승연애 14화 올라왓어..? 왜 난 리스트에 13화가 마지막이지 ㅠ. 4. 무명의 더쿠 2022-09-16. 뭘까 ㅋㅋㅋㅋ 이따 바야지. 5. 무명의 더쿠 2022-09-16.
2022. 11. 3.,환승연애2 희두 오기 전 날아다니던 나연 멘트 모음.jpg - 더쿠,근데 선민기는 무슨 의미야? 13. 무명의 더쿠 2022-11-03. 희두가 악귀 씌일만해 보면 ...
2022. 10. 7.,환승연애로 보는 4 종류의 사랑 형태 - 스퀘어 카테고리 - 더쿠,나연x희두의 사랑 (a.k.a. 레벨 사이코 재질) https://twitter.com/blbrluv/status/1578293719136342019?s=20&t=25Rf5EZDQ_E-wapKPO6ZWQ 보는 사람 기 다 빨리도록 ...
2022. 10. 14,환승연애 원빈 교생때 짤뜸 - 스퀘어 카테고리 - 더쿠, https://img.theqoo.net/QKDCo 개존잘 개착함 인기스타였대.
2022. 9. 25.,전체 게시판 - 환승연애 원빈 내스타일이다 - 더쿠,환승연애 원빈 내스타일이다. https://theqoo.net/2590860033. 무명의 더쿠 | 09-25 | 조회 수 259. 그냥 그렇다구 잘생겼다 ㅠㅠㅠ이번주에 울 때 너무 마음아파쓰음 ...
2022. 9. 25.,환연 블핑 로제 환승연애2 본대 ㅋㅋㅋ - 드영배 카테고리 - 더쿠,챙이 요즘 환승연애2 보고 있고 너무 재밌어서 소리질렀대 ㅋㅋㅋ 시즌1때는 보고 울었는데 이번엔 울진 않고 소리지르면서 벌떡 일어나는건 했대 얽히고 설켜서 흥미 ...
2022. 11. 1.,환승연애 끝날때까지 끝난게 아닌 이유(ㅅㅍㅈㅇ) - 더쿠,유머아닌데!! 다큔데!!! 4. 무명의 더쿠 2022-10-28. 죽지도 않고 또 오다니ㅋㅋㅋㅋㅋ.
2022. 10. 9.,미스월드유니버시티 출전했었던 환승연애2 나연 - 더쿠,https://twitter.com/japhater/status/1579105799443709954?t=kELm_SMLwqXLXa_Qsl7Y-A&s=19 https://img.theqoo.net/oqGgX 목소리 다른거 너무 멋있음.
2022. 10. 16,환승연애 나연희두 이런 부분은 잘 맞아보임.jpg - 스퀘어 카테고리, 환승연애 나연희두 이런 부분은 잘 맞아보임.jpg · 1. 무명의 더쿠 2022-10-12. ㅋㅋㅋㅋㅋㅋㅋㅋ개웃기네 순한듯 안순해 · 2. 무명의 더쿠 2022-10-12 · 3. 무명의 더쿠 2022 ...
2022. 10. 10,"'환승연애2', 성해은→정현규 활약에 유료가입기여 티빙 역대 최고", [조이뉴스24 김지영 기자] '환승연애2'가 역대 기록을 갱신했다. 지난 30일(금) 오후 4시 공개된 티빙 오리지널 '환승연애2' 17화는 일자별 유료가입기여 티빙 역대 ...
2022. 10. 11,갓생 살고있는 어제자 환승연애 나연.twt - 스퀘어 카테고리 - 더쿠, https://twitter.com/kyakyakya987/status/1579818972157194240?t=wv9RhgDJUqHojTwVg8Kphg&s=19 일할때 목소리톤 달라지는거 존멋 https://img.theqoo.net/GjoDf.
2022. 10. 14,[환승연애2] 패널들도 놀란 현규 철벽 수준 - 스퀘어 카테고리, 지연 따로 불러내길래 아앗..했는데 그 자리도 거절 의사 밝히는 자리였던 거 보고 개같이 호감됨. 2. 무명의 더쿠 2022-10-16. 흠; 저 프로그램 안봐서그런가 영상이 ...
2022. 11. 6.,[환승연애2] 방송에서 사랑에 빠진 남자 그 자체를 보여주는 것 ...,[환승연애2] 방송에서 사랑에 빠진 남자 그 자체를 보여주는 것 같았던 장면.jpg · 1. 무명의 더쿠 2022-10-28. 존좋 ㅜㅜㅜㅜㅜ · 2. 무명의 더쿠 2022-10-28 · 3. 무명의 ...
2022. 9. 9. ,트위터 반응 터진 환승연애2 메기 비주얼.jpg - 스퀘어 카테고리, 이뿌 근데 진학 예정 아니고 지망일걸? 4. 무명의 더쿠 2022-09-09. 츠키닮았다.
2022. 10. 28,[환승연애2 최종화] 현규해은 엔딩 실시간 댓글 반응 - 더쿠, https://m.youtu.be/M80ZyBiEQSo 2:05초부터 개난리남 우리지금 나올때 2:30초에 터짐 ㅋㅋㅋ.
2022. 9. 27.,친구였으면 뜯어말렸을 것 같은 환승연애2 X커플 - 더쿠,지연 - 태이 커플 https://img.theqoo.net/qTVTW 지연이 미련이 있고 태이는 미련 없는 상황에서 다시 태이 좋아하면 '지팔지꼰'이라고 해서 너무 태이 자존감 깎아 ...
2022. 11. 6.,전체 게시판 - 나 환승연애 바이버전 궁금해 ㅈㄴ마라맛일듯 - 더쿠,나 환승연애 바이버전 궁금해 ㅈㄴ마라맛일듯. https://theqoo.net/2629739867. 무명의 더쿠 | 11-06 | 조회 수 175. 누가 누구의 X이고 누구랑 이어질 수 있을지
2022. 9. 11.,전체 게시판 - 환승연애 희두 나연 보는 덬잇어? - 더쿠,https://img.theqoo.net/NZWKq ㅋㅋ.
2022. 10. 21,환승연애 호민이 눈물 vs 환승연애2 규민이 눈물 더슬펐던 장면은?," 환승연애 시즌1 호민 눈물 https://www.youtu.be/Ls3rJlrWaHw ""제가 걔를 그렇게 만들었어요"" 환승연애 시즌2 규민 눈물 ..."
2022. 10. 28,환승연애2 담주 스페셜 있다고??????? - 예능 카테고리 - 더쿠, 환승연애2 시사회 광고 행사 두달 막는 건 그나마 이해해도 프로필사진이 왜ㅋㅋㅋ; 11-29; 조회 412; 잡담. 3. 환승연애2 제발 티빙 이제 좀 꺼져 진심; 11-29 ...
2022. 11. 2.,환승연애 한 장 요약 - 스퀘어 카테고리 - 더쿠,현규가 나언이한태 고백 대사 추천하는거 미쳤냐 니 인생의 절반을 줘 내 인생의 절반을 줄게 .. 걍 감성충만 고백대사인줄알았는데 강철의 연금술사 대사란다 야이씹 ...
2022. 10. 21,[환승연애2] 로코 재질인 태이X나언 - 스퀘어 카테고리 - 더쿠, https://twitter.com/_puming/status/1583373930848346117?t=_XH8SNcKY91gEMpmuaillw&s=19 ...
2022. 11. 1.,환승연애2 마지막회에서야 밝혀진 목걸이 서사.jpg - 더쿠,"최종선택 전날,X인 규민과의 마지막 데이트에서해은이가 하고 있던 목걸이는 규민이가 스물다섯에 선물해준해은에게 뜻깊은 목걸이규민에게 미련이 많은 해은이었기에 ..."
2022. 10. 22,환승연애2 현규 진겜 인터뷰 시점이 궁금하다 ㅋㅋㅋㅋ - 더쿠, 횟집 전인지 후인지 ㅋㅋㅋㅋ 인터뷰에선 그이상 그이하도 아니라 해놓고 터진것도 웃기고 누나한테 찡찡댈거 다 찡찡대놓고 인터뷰에선 아무렇지 않은척 한것도 ㅋ ...
2022. 10. 18,환승연애 규민 해은 연애 시절 - 스퀘어 카테고리 - 더쿠, https://twitter.com/_780312_/status/1553235502475935744?t=bKSHBu7Wj10onW8NJVoiug&s=19 ...
2022. 10. 29,오늘 단체로 목격담 찍힌 환승연애2 출연자들 - 스퀘어 카테고리, 오늘 단체로 목격담 찍힌 환승연애2 출연자들. https://theqoo.net/2622814574. 무명의 더쿠 | 10-30 | 조회 수 42330. hMaGJ WcLoU npkcr. NPAKL 출처 예능방.
2022. 11. 9.,환승연애 어디까지봄??? 은채야 생일 축하해!!! - 더쿠,https://img.theqoo.net/XZley 사쿠라가 올린 르세라핌의 카톡.
2022. 10. 21,[환승연애] 나연이한테 규민이 위로가 됐던 이유 - 스퀘어 카테고리, 초반엔 규민이 싫었는데 볼수록 좋은 사람인거 보이고 헤어진 얘기 듣고나니 왜 해은이한테 차갑게 굴었는지 이해감... 나라도 밀어냈을듯 그리고 희두나연은 그냥 ...
2022. 10. 21,[환승연애2] 울면서 진심 이야기하는 현규x나언.txt - 더쿠, https://twitter.com/cap91zip/status/1583363348347097089?t=85RcXRIumSQbpV-0v-5-Lw&s=19 ...
2022. 10. 31,"'환승연애2' 최종회 앞두고 내린 결정…누리꾼 ""미공개 영상 좀""", '환승연애2'가 마지막 방송을 앞둔 가운데 스페셜 방송을 전격 편성했다. 지난 27일 티빙 오리지널에 따르면 '환승연애2' 측은 다음 달 4일 특별편 '환승연애2: 과몰입 ...
2022. 7. 16.,[환승연애2] 원빈 X 지수 사귈때.twt - 스퀘어 카테고리 - 더쿠,https://twitter.com/ba8uette/status/1548331031349981186?s=20&t=JMh9pG0AjF02UGwnUAf4gw.
2022. 10. 10,<환승연애> 현며들어버린 해은.jpgif - 스퀘어 카테고리 - 더쿠, https://img.theqoo.net/KEZup https://gfycat.com/ImpressionableAdorableAcornbarnacle 수영하고 방에 들어와서 전에 현규랑 같이 찍은 사진을 가만히 보는 해은 ...
2022. 9. 4. ,전체 게시판 - 환승연애 게이판 있으면 나간댘ㅋㅋㅋㅋㅋㅋ - 더쿠,승연애 게이판 있으면 나간댘ㅋㅋㅋㅋㅋㅋ · 케이돌토크 뉴진스 데뷔4개월차에 대상후보든것도 넘대견해 · 이대휘 상우 ㄱㅇㅇ · 드영배 하아 레전드 · 일상토크 [비회원제한] ...
2022. 9. 23.,[환승연애2] 의외로 두개의 심장인 것 같은 남출 - 스퀘어 카테고리,( ㅅㅍㅈㅇ ))) 주어는 희두 X인 나연한테 찐사인 건 말모고 의외로 지연한테도 찐텐같아서 모아봄 1. 지연 볼에 있는 보조개 만져보고 좋아함 ...
2022. 10. 3.,현재 환승연애2 대서사(?)의 시작점이었던 초반 레전드 장면 - 더쿠,"전설의 5화 화장대씬 초중반엔 이걸로 유입돼서 환연2 보기 시작했다는 사람이 많았고 독립영화, 모노드라마 보는거 같다는 소리도 많이 나왔음 ..."
2022. 10. 21,[환승연애2] 어제 밝혀진 나언현규 연애 기간의 이유 - 더쿠, https://twitter.com/cap91zip/status/1583363348347097089?s=46&t=Its6dbMqOm_6q6EZ8utwEQ https://img.theqoo.net/jEvGV 크리스마스와 새해를 같이 보낸 적 없음 ...
2022. 8. 3. ,전체 게시판 - 환승이직 (환승연애 직장인ver.) - 더쿠,승이직 (환승연애 직장인ver.) https://theqoo.net/2537293749. 무명의 더쿠 | 08-03 | 조회 수 9838. ㅊㅊ ㅇㅅㅅㄷ olGVw. UWRFV X와의 채팅 도파민 도 도파민.
2022. 10. 10,[환승연애2] 수족냉증 심해보이는 해은 - 스퀘어 카테고리 - 더쿠, [환승연애2] 수족냉증 심해보이는 해은. https://theqoo.net/2603065876. 무명의 더쿠 | 10-09 | 조회 수 60255. jenUj 이상형이 손이 따뜻한 사람이라길래 어느정도 ...
2022. 8. 28.,HOT - [환승연애2] 좋은 의미로 난리난 원빈x해은 데이트 - 더쿠,등장부터 무슨 웹드라마 비쥬얼 반말하는 연상녀 존댓말하는 연하남 맛도리 이번 데이트는 여출이 데이트 코스 정하는 건데 목적지가 먼 곳이라 자기 먼 데 좋아한다고 ...
2022. 9. 14.,ㅇㅂㅇ 환승연애 리뷰글 보는데 이 사람 말 존나 웃기게 함 - 더쿠,☞2덬 https://❤️m.blog.naver.com/haesamz/222867938580 이거 ㅋㅋㅋㅋㅋㅋㅋㅋ 하트빼 ㅋㅋㅋㅋㅋㅋㅋㅋ 다른 프로그램 리뷰도 존나 웃김.
2022. 11. 11,환승연애2 성해은 인스타업뎃 + 인스스추가 - 스퀘어 카테고리, 환승연애2 성해은 인스타업뎃 + 인스스추가. https://theqoo.net/2635473939. 무명의 더쿠 | 11-11 | 조회 수 75571. EExEh gekBk. +나연이 리그램 nmlHz +인스스
2022. 10. 28,환승연애2 레전드 찍어버린 마지막 장면 - 스퀘어 카테고리 - 더쿠, https://img.theqoo.net/oWcWD 현규 해은 현커 (녹화 끝나고 따로 데이트하면서 찍은 사진)
2022. 10. 23,환승연애는 보지만 응원은 안 한다는 아이돌... - 스퀘어 카테고리, https://twitter.com/wwaannzzaa/status/1584217242618990592?t=MZBYLUbvtcGh9rADBwkahg&s=19 비비지 은하 (참고로 MBTI=ISTP) 나도 이렇게 봤어야하는데...
2022. 7. 15.,원덬이가 재밌게 본 방금 1-2화 라이브 끝난 <환승연애2 ... - 더쿠,출연진 소개 최이현 정규민 이나연 박원빈 선민기 김지수 이지연 김태이 시즌1때 X소개서에서는 여출들만 울었는데 시즌2 X소개서는 남출들도 울며 거의 눈물 바다였던 ...
2022. 10. 10,환승연애 해은 승무원 시절.jpg - 스퀘어 카테고리 - 더쿠, ☞12덬 ㅇㅇ 방송 전에 그만뒀든 짤렸든 했을걸 대한항공 방송출연 안돼서ㅋㅋㅋ 근데 출연하면서 계속 저 승무원이라 제가 승무원이라서 하는거보면 뭔지 모르겠음.
2022. 9. 16.,[환승연애] 오늘자 말 많은 여출 스킨쉽 - 스퀘어 카테고리 - 더쿠,https://twitter.com/lovstoryzip/status/1570674282048655360?s=46&t=aF10Movxg6s7n4iBIYEukw 나연(여출)이 술 먹고 텐션 업되서 같은 하우스 태이(남출) 허리껴안음 ...
2022. 10. 18,환승연애2 대관 소식만 들었을 때도 현해 최커구나 싶었는데 - 더쿠," 패널들도 참석한다는 거 보고 이자식들 얼마나 오지는 현해를 담아냈길래 하면서 개같이 심장 뛰는 중,, 19화에서 어그로 오지게 끌어도 한 주 정도는 참고 넘어갈 수 ..."
2022. 7. 15.,원덬이가 재밌게 본 방금 1-2화 라이브 끝난 <환승연애2 ... - 더쿠,출연진 소개 최이현 정규민 이나연 박원빈 선민기 김지수 이지연 김태이 시즌1때 X소개서에서는 여출들만 울었는데 시즌2 X소개서는 남출들도 울며 거의 눈물 바다였던 ...
2022. 10. 10,환승연애 해은 승무원 시절.jpg - 스퀘어 카테고리 - 더쿠, ☞12덬 ㅇㅇ 방송 전에 그만뒀든 짤렸든 했을걸 대한항공 방송출연 안돼서ㅋㅋㅋ 근데 출연하면서 계속 저 승무원이라 제가 승무원이라서 하는거보면 뭔지 모르겠음.
2022. 10. 11,갓생 살고있는 어제자 환승연애 나연.twt - 스퀘어 카테고리 - 더쿠, https://twitter.com/kyakyakya987/status/1579818972157194240?t=wv9RhgDJUqHojTwVg8Kphg&s=19 일할때 목소리톤 달라지는거 존멋 https://img.theqoo.net/GjoDf.
2022. 9. 16.,[환승연애] 오늘자 말 많은 여출 스킨쉽 - 스퀘어 카테고리 - 더쿠,https://twitter.com/lovstoryzip/status/1570674282048655360?s=46&t=aF10Movxg6s7n4iBIYEukw 나연(여출)이 술 먹고 텐션 업되서 같은 하우스 태이(남출) 허리껴안음 ...
2022. 10. 28,"[환승연애2] ㅇㅇ, ㅇㅇ 사이 ㅇㅇ.... - 스퀘어 카테고리 - 더쿠"," https://img.theqoo.net/uXZOu 희두나연, 현규해은 사이 태이나언러 https://img.theqoo.net/RGeYF 희두나연 현커 https://img.theqoo.net/rJrEi 현규해은 현커 태이나 ..."
2022. 10. 18,환승연애2 대관 소식만 들었을 때도 현해 최커구나 싶었는데 - 더쿠," 패널들도 참석한다는 거 보고 이자식들 얼마나 오지는 현해를 담아냈길래 하면서 개같이 심장 뛰는 중,, 19화에서 어그로 오지게 끌어도 한 주 정도는 참고 넘어갈 수 ..."
2022. 10. 28,환승연애2 난 진짜 규민나연인데ㅠㅠㅠㅠㅠㅠㅠㅠㅠ - 더쿠, 환승연애2 난 진짜 규민나연인데ㅠㅠㅠㅠㅠㅠㅠㅠㅠ. https://theqoo.net/2621728719. 무명의 더쿠 | 10-28 | 조회 수 111. 둘이 되라구ㅜㅜㅜ.
2022. 11. 2.,[환승연애2] 환승연애2 보다보면 생각보다 세상이 좁다는 걸 ...,"환승연애2에 출연한 남출(해은바라기)(광기남)(연하남의맛tv) 정현규(빠른98)은 nct멤버 재현(97)과 초, 중 동창 그리고 같이 환승연애2 출연한 남희두(97)와는 경기고 ..."
2022. 10. 9.,환승연애 희두나연 큰일 난 이유 - 스퀘어 카테고리 - 더쿠,https://twitter.com/focusonstetc/status/1550433636389756929?t=JfR1pRbF2bJWQkoM2AZt5A&s=19 싸우면 벌금 500만원<< 룰로 계산하면 ...
2022. 10. 28,[환승연애2] 나연 희두가 재회가 아닌 이유 - 스퀘어 카테고리, 맨마지막은 다시만나는게 재회 아님? 헤어진적이 없는거면 그냥 계속 만난다 아님? ㅋㅋㅋㅋ. 11. 무명의 더쿠 2022-10-29. 삭제된 댓글입니다. (삭제일시: 2022/10/30 ...
2022. 10. 31,[환승연애2] 해은 “벗어 던졌습니다.” - 스퀘어 카테고리 - 더쿠, [환승연애2] 해은 “벗어 던졌습니다.” https://theqoo.net/2621990446. 무명의 더쿠 | 10-29 | 조회 ...
2022. 9. 26.,"환승연애 남메기 스펙, 러브라인 공개 (ㅅㅍㅈㅇ) - 더쿠","https://twitter.com/with_rl/status/1573216763646742528?s=20&t=RARHM_4MOhzp4-4Bbf9uQA 25살 키 185 서울대 체대, 공대 복수전공 현재 스타트업 준비중 ..."
2022. 10. 21,HOT - [환승연애2] 해은이와의 이별을 실감하고 우는 규민이 - 더쿠, 상황설명- 6년4개월사귄커플임 프로그램내내 해은이밀어내다가 최종선택전 마지막으로하는 엑스데이트 저녁까지 같이있을줄알았는데 갑자기 제작진이 지금부터 다른 ...
2022. 10. 21,[환승연애2] 대충살자 현규처럼.. - 스퀘어 카테고리 - 더쿠, [환승연애2] 대충살자 현규처럼.. https://theqoo.net/2615346078. 무명의 더쿠 | 10-21 | 조회 수 16192. XoWWo 대충살자 전신거울 손거울로 쓰는 현규처럼
2022. 10. 28,악플러들이 궁예해봤자 서로 잘 지내는 듯한 환승연애2 - 더쿠, https://img.theqoo.net/dPOvT 귀찮아서 해은이 꺼만 가져왔는데 인스타 없는 원빈 제외하고 해은 나언 나연 지연 지수 규민 현규 희두 태이 전부 동시에 맞팔한듯 + ...
2022. 10. 14,환승연애 0.5초마다 바뀌는 유라 표정 - 스퀘어 카테고리 - 더쿠, https://img.theqoo.net/oumJw ㅊㅊ 여시.
2022. 10. 28,[환승연애2] 그동안 편집 당했던 희두 인터뷰 및 시청자들이 납득 ...," 1. 편집 당하다가 오늘에서야 공개된 부분 해은이랑 롯데월드 데이트할때도, 지연이랑 설이 데리고 데이트할때도 계속 나연이 생각함 + 제주도에서 마지막 문자도 나연 ..."
2022. 10. 14,[환승연애] 제작진도 차마 자막 달지 못한 대화 - 스퀘어 카테고리, https://twitter.com/__onechzn/status/1580844321968128001?s=46&t=EV1DcyKsfTsdwEEPeeC_Aw 근데 네티즌들이 소리 키워서 들어버림 +상황설명 둘은 엑스 사이가 아님 ...
2022. 8. 27.,환승연애 해은 진짜 너무 청량하고 이쁨 - 드영배 카테고리 - 더쿠,인스타보니까 운동 꾸준히 해서 완전 근육질이고 너무 멋지더라 진짜 존예임. 4. 무명의 더쿠 09:11. 삭제된 댓글입니다. (삭제일시: 2022/09/01 21:23:17).
2022. 10. 31,환승연애 2) 이 둘도 비주얼상으론 케미좋단 이야기많음.gif - 더쿠, 환승연애 2) 이 둘도 비주얼상으론 케미좋단 이야기많음.gif. https://theqoo.net/2615305437. 무명의 더쿠 | 10-21 | 조회 수 10883.
2022. 10. 7.,[환승연애2] 지금 봐도 눈물나는 희두 나연 엑스룸.twt - 더쿠,https://twitter.com/kyakyakya987/status/1568254086365200385?t=_nujoJ1zaeOGmAKoQAWxhQ&s=19 ...
2022. 10. 7.,HOT - 너무 마음 아팠던 오늘자 자책하는 해은 (환승연애) - 더쿠,https://gfycat.com/InexperiencedAcademicBoutu 해은이 취중에 손 시려서 계속 현규 손 잡았는데 (해은이 원래 수족냉증있다함 나언이랑 대화중에 손시려서 잡았다고 ...
2022. 11. 2.,<환승연애2: 과몰입의 나날들> 스페셜편은 11월 11일(금)에 공개,https://twitter.com/tvingdotcom/status/1587595347903275008?s=46&t=2aWSG45PFUMZB4JrNsOsGw.
2022. 10. 28,시청자들 반응까지 다 예견했던 환승연애 나연...jpg - 더쿠, 어어. 난데. 희두나연 너네 결혼하고. 밤비 설이 투샷 부탁한다. 10. 무명의 더쿠 2022-10-28.
2022. 10. 14,[환승연애2] 패널들도 놀란 현규 철벽 수준 - 스퀘어 카테고리, 지연 따로 불러내길래 아앗..했는데 그 자리도 거절 의사 밝히는 자리였던 거 보고 개같이 호감됨. 2. 무명의 더쿠 2022-10-16. 흠; 저 프로그램 안봐서그런가 영상이 ...
2022. 10. 24,[환승연애] 내기준 웃겼던 18화 장면들ㅋㅋ - 스퀘어 카테고리, 갑분 엔믹스쌍방데이트 선택 멸망한 자들과 그걸 지켜보는 데이트 성사 커플ㅋㅋ로맨틱 똥촉 자막ㅋㅋㅋㅋㅋㅋ(현규가 틀린거 해은이 맞춤)어둠의 태이해은러를 농락 ...
2022. 10. 28,[환승연애2] 막방 태이나언러 - 스퀘어 카테고리 - 더쿠, https://img.theqoo.net/TPTGn 설명: 최커는 맞음 근데 현커는 애매모호(그냥 긍정적 관계로 열린 결말처럼 보여줌) 근데 다른 최커 두 쌍이 현커라.
2022. 9. 28.,전체 게시판 - 이번주 환승연애2 16화 한편 공개 + 레전드 예정,https://img.theqoo.net/eVIFv 그래서 금요일 언제오는데.
2022. 9. 26.,업로드 2일만에 100만뷰 넘긴 환승연애2 클립 - 스퀘어 카테고리,☞16덬 잔잔했던 호수에 메기가 등장하면서 판을 흐린다는뜻ㅋㅋㅋ 연애프로에서 나중에 등장하는 출연자! 하트시그널부터 쓰임. 27. 무명의 더쿠 2022-09-26.
2022. 10. 29,환승연애2 각자 x상대 언제 밝혀져? - 예능 카테고리 - 더쿠, 처음부터 보는중인데 다들 모른척 연기하네?ㅋㅋ.
2022. 10. 24,[환승연애] 내기준 웃겼던 18화 장면들ㅋㅋ - 스퀘어 카테고리, 갑분 엔믹스쌍방데이트 선택 멸망한 자들과 그걸 지켜보는 데이트 성사 커플ㅋㅋ로맨틱 똥촉 자막ㅋㅋㅋㅋㅋㅋ(현규가 틀린거 해은이 맞춤)어둠의 태이해은러를 농락 ...
2022. 10. 28,[환승연애2] 막방 태이나언러 - 스퀘어 카테고리 - 더쿠, https://img.theqoo.net/TPTGn 설명: 최커는 맞음 근데 현커는 애매모호(그냥 긍정적 관계로 열린 결말처럼 보여줌) 근데 다른 최커 두 쌍이 현커라.
2022. 7. 17.,환승연애 선민기 뭐지 이 은은한 도라희 바이브는 - 더쿠,환승연애 선민기 뭐지 이 은은한 도라희 바이브는. https://theqoo.net/2519202573. 무명의 더쿠 | 07-17 | 조회 수 15292. enkyl hfQyh auSjb MrAxO prdYM
2022. 10. 29,환승연애2 각자 x상대 언제 밝혀져? - 예능 카테고리 - 더쿠, 처음부터 보는중인데 다들 모른척 연기하네?ㅋㅋ.
2022. 10. 9.,다소 의외라는 반응이 있는 환승연애2 나언 인스타 - 더쿠,... 공감갔던 사족 https://img.theqoo.net/zJdwT 참고로 나언 이사람임 환승연애2 메기로 투입된 출연자 https://img.theqoo.net/HZaPu https://img.theqoo.net/yKdxc ...
2022. 10. 31,환승연애 2) 이 둘도 비주얼상으론 케미좋단 이야기많음.gif - 더쿠, 환승연애 2) 이 둘도 비주얼상으론 케미좋단 이야기많음.gif. https://theqoo.net/2615305437. 무명의 더쿠 | 10-21 | 조회 수 10883.
2022. 10. 14,[환승연애2] 이나연 장점이 뭔지 알아.twt - 스퀘어 카테고리 - 더쿠, https://twitter.com/luviszoo/status/1580875289756065794?t=gvaZgJ2ISsFvVT_pxvI6qg&s=19 ...
2022. 10. 24,환승연애2 그 키가너무 작거든 전에 규민이가 해은이 안따라 ..., 장난이잔아 하구 살짝 풀어주는거 보고 좀 맘에들었어 ㅋㅋㅋㅋㅋ그리고 뒤엔 웃겼음 하하하하알겟어.
2022. 10. 20,"'환승연애2' 최종선택 하루 전 X데이트…""마지막까지 이러네?"""," 지난 '환승연애2' 18화에서는 쌍방지목 데이트가 진행됐다. 성해은 씨와 정현규 씨는 서로를 택했고, 교류가 없어 보였던 김지수 씨와 정규민 씨가 서로를 지목해 놀라움을 ..."
2022. 10. 4.,환승연애 다음 아이템 2개 나옴 - 스퀘어 카테고리 - 더쿠,https://twitter.com/pgrpmh2/status/1577280584845758464?s=46&t=BlIeM2ijBOfIMHhc05bQ3A 환생연애 https://img.theqoo.net/UBuwP 환승새끼.
2022. 9. 30.,HOT - 환승연애 X 커플들 사이의 모든 문제점은 캐스팅 과정 ...,환승연애 X 커플들 사이의 모든 문제점은 캐스팅 과정에서 나오는 거 같다. https://theqoo.net/2592159019. 무명의 더쿠 | 09-27 | 조회 수 84382.
2022. 10. 9.,다소 의외라는 반응이 있는 환승연애2 나언 인스타 - 더쿠,... 공감갔던 사족 https://img.theqoo.net/zJdwT 참고로 나언 이사람임 환승연애2 메기로 투입된 출연자 https://img.theqoo.net/HZaPu https://img.theqoo.net/yKdxc ...
2022. 10. 24,환승연애2 그 키가너무 작거든 전에 규민이가 해은이 안따라 ..., 장난이잔아 하구 살짝 풀어주는거 보고 좀 맘에들었어 ㅋㅋㅋㅋㅋ그리고 뒤엔 웃겼음 하하하하알겟어.
2022. 10. 29,환승연애 과몰입한 최준 ㅋㅋㅋ - 스퀘어 카테고리 - 더쿠, https://img.theqoo.net/wZcNn.
2022. 10. 8.,[환승연애2] 후반부 회차 갈수록 사랑받는 여출연자 - 더쿠,이나연 https://img.theqoo.net/eQMWw https://img.theqoo.net/JeRBw https://img.theqoo.net/NlKtb https://gfycat.com/VapidPleasingIlsamochadegu 꼬질꼬질 병아리 ...
2022. 11. 3.,한지민 환승연애2 과몰입중.jpg - 스퀘어 카테고리 - 더쿠,한지민 환승연애2 과몰입중.jpg. https://theqoo.net/2628210107. 무명의 더쿠 | 15:09 | 조회 수 704. ujlQF. 2016년도 촛불집회 당시의 아무깃발들 2.
2022. 10. 7.,환승연애2 해은현규 손잡는씬 캡쳐중 - 스퀘어 카테고리 - 더쿠,https://twitter.com/luviszoo/status/1578352201483063296?t=YIow5NA8AY8TCyQj1aILkA&s=19 ...
2022. 10. 10,[환승연애2] 은은하게 돌아있는 해은 - 스퀘어 카테고리 - 더쿠, https://img.theqoo.net/yiwuH 희두가 보트 운전하니까 자차같다곸ㅋㅋㅋㅋㅋ https://img.theqoo.net/BAFFV 원래 귀 같아요 아 ㅠㅜㅋㅋㅋㅋ ...
2022. 10. 6.,전체 게시판 - 키크니 환승연애 만화로 그린거 ㅈㄴ웃김 - 더쿠,키크니 환승연애 만화로 그린거 ㅈㄴ웃김. https://theqoo.net/2601431904. 무명의 더쿠 | 10-07 | 조회 수 725. 등장인물들 그린것도 개웃긴데
2022. 10. 7.,[환승연애] 무의식적으로 X의 연애시절 이름부르고 울음 터져 ...,오늘 처음 나온 현규X나언 첫 서사 영상 https://img.theqoo.net/CNEHt https://twitter.com/cap91zip/status/1578284759889121281?t=T4KiB4bMCzl56DPrDDaksA&s=19 ...
2022. 10. 28,환승연애 ㅇㅇㅇㅇ 좋아하는 덬 은근 있음 - 스퀘어 카테고리 - 더쿠," ㅇㅇㅇㅇ=태이해은 azyVE oqleU OddBelatedArcticduck 태이가 해은 우는거 자꾸 챙겨줌 그 런 데 말 입 니 다 mTITX 해은이 먼저 우는 태이 휴지 챙겨줬다는 사실, ..."
2022. 7. 17.,환승연애 선민기 뭐지 이 은은한 도라희 바이브는 - 더쿠,환승연애 선민기 뭐지 이 은은한 도라희 바이브는. https://theqoo.net/2519202573. 무명의 더쿠 | 07-17 | 조회 수 15292. enkyl hfQyh auSjb MrAxO prdYM
2022. 10. 1.,환승연애2 시청자들이 다음주가 미친듯이 기대되는 이유 - 더쿠,https://img.theqoo.net/FJDdc 대망의 진실게임 남출 여출 모두 모아놓고 한사람씩 지목 하면서 궁금한거 물어보는데 이게 엄청 직설적이어서 보는 사람이 다 모니터로 ...
2022. 10. 21,환승연애2 난 현규가 속으로 어느정도 포기한줄알았거든? - 더쿠, 누나가 행복했으면 좋겠어 이말이 난 여전히 누나를 좋아하고 누나를 선택할거지만 누나마음은 누나몫이고 누나한텐 규민형이 너무 커보이고 그래서 나한테 안올수도 ...
2022. 10. 8.,환승연애2 하루종일 해은누나 찾아다니는 현규 - 스퀘어 카테고리,https://gfycat.com/CalmPeacefulLeech https://img.theqoo.net/SCxyt https://img.theqoo.net/OZBts 손잡은 다음날 오늘 일정 물으며 같이 놀자는 현규 그런데 해은은 ...
2022. 10. 1.,환승연애 나오면 난리날 드라마 커플은? - 스퀘어 카테고리 - 더쿠,출처 : https://www.instagram.com/mole_movie/ 1. <그해 우리는> 국연수 x 최웅 첫만남 17살 연애기간 5년 헤어진지 5년 여전히 서로 못잊고 있는 원앤온리 서사 공개 ...
2022. 10. 18,환승연애2 이거 백퍼 해현이다 - 예능 카테고리 - 더쿠, 환승연애2 이거 백퍼 해현이다. https://theqoo.net/2612152317. 무명의 더쿠 | 10-18 | 조회 ...
2022. 10. 22,너무 극단적인 환승연애 MC 쌈디 - 스퀘어 카테고리 - 더쿠, https://img.theqoo.net/eCLUZ.
2022. 11. 1.,[환승연애] 내 개인적으로 몇달동안 너무 많이 욕먹었던 사람.JPG,방송에 나왔으니 어느정도 각오해야한다지만 그거 감안해도 너무 심하게 너무많은 사람이 욕했음 안깠던 사람도 많았겠지만 그 사람들은 지금도 좋은말해줄거같고 정도 ...
2022. 11. 1.,[환승연애] 내 개인적으로 몇달동안 너무 많이 욕먹었던 사람.JPG,방송에 나왔으니 어느정도 각오해야한다지만 그거 감안해도 너무 심하게 너무많은 사람이 욕했음 안깠던 사람도 많았겠지만 그 사람들은 지금도 좋은말해줄거같고 정도 ...
2022. 10. 20,환승연애 2 19화는 3시간 가까이 해주길..-_- - 예능 카테고리, 환승연애 2 19화는 3시간 가까이 해주길..-_-. https://theqoo.net/2613882027. 무명의 더쿠 | 10-20 | 조회 수 699. 17화까지만 해도 3시간 가까이 해줬는데.
2022. 11. 8.,환승연애2에 과몰입하는 재재와 98라인 그리고 그냥 배고픈 ...,https://img.theqoo.net/BOPck 하앀ㅋㅋㅋㅋ 자아가 없고 그냥 배고픈 문빈 호감됨.
2022. 10. 4.,[환승연애2] 디패에 찍힌 재질 - 스퀘어 카테고리 - 더쿠,[환승연애2] 디패에 찍힌 재질. https://theqoo.net/2599326100. 무명의 더쿠 | 23:41 | 조회 수 1. 현규-해은 BlaringTastyCrustacean ThirstyPleasingKodiakbear
2022. 11. 8.,환승연애2 사랑에 빠진 남자들 - 예능 카테고리 - 더쿠,https://img.theqoo.net/ysKse 볼때마다 찐이라 웃김ㅋㅋㅋㅋㅋㄴ.
2022. 10. 28,"[환승연애2] ㅇㅇ, ㅇㅇ 사이 ㅇㅇ.... - 스퀘어 카테고리 - 더쿠"," https://img.theqoo.net/uXZOu 희두나연, 현규해은 사이 태이나언러 https://img.theqoo.net/RGeYF 희두나연 현커 https://img.theqoo.net/rJrEi 현규해은 현커 태이나 ..."
2022. 10. 21,전체 게시판 - 환승연애2 아니 현해 텐션 미쳤는데 - 더쿠, 환승연애2 아니 현해 텐션 미쳤는데 · 드영배 갑자기 예전에 왜 하필 화령이를 중전으로 만들었나 했던 게 생각나 · 일상토크 [비회원제한] 소신발언하자면 이전부터 황희찬 ...
2022. 10. 1.,오늘자 환승연애 우는 해은을 보는 현규 (스포) - 스퀘어 카테고리,출연자 악플❌ ❌출연자 악플❌ ❌출연자 악플❌ (이전 상황) 여자출연자가 자신의 X의 데이트 상대를 직접 골라줘야함 규민은 단호하게 나연을 원했고 해은은 이 모습 ...
2022. 10. 29,[환승연애2] 여운이 남았던 규민의 마지막 인터뷰 - 더쿠, [환승연애2] 여운이 남았던 규민의 마지막 인터뷰. https://theqoo.net/2621874961. 무명의 더쿠 | 10-28 | 조회 수 95052. 처음에 X가 같이 입주하지 않아서 X를 ...
2022. 10. 21,환승연애2 우는 얼굴조차 예쁜 커플 - 예능 카테고리 - 더쿠, 환승연애2 현규해은 식탁씬 복습하는데 현규가 해은이만 빤히 보는게 아니구나 · 21:56 · 조회 25 · 잡담.
2022. 11. 7.,환승연애를 삼켜버린 부승관.twt - 스퀘어 카테고리 - 더쿠,https://twitter.com/reasonforB/status/1589651319253798916?t=ypX-KYDXQ5se1tBNn2DEkA&s=19 https://img.theqoo.net/EEYOC.
2022. 10. 15,인간 ESFP 자체인것 같은 환승연애2 나연.jpg - 스퀘어 카테고리, 전남친이랑 개같이 싸우면서 비참해하는 와중에도 자기 감정 ㄹㅇ 솔직하게 다 얘기함 자존심 딱히 안내세움 그렇게 싸워놓고서 헤어질 땐 어떤 상황이었든 꼭 잘 ...
2022. 10. 28,"""규민·해은·현규가 어쨌다고?""…남 이야기 '환승연애' 왜 터 ... - 더쿠", '환승연애'는 이별한 커플들이 한 집에 모여 지나간 연애를 되짚고 새 인연을 마주하며 자신만의 사랑을 찾아가는 과정을 담은 연애 리얼리티다.
2022. 10. 16,[환승연애2] 진짜 이상적인 엑스 관계 같은 나언-현규.jpg - 더쿠, 물론 방송에 나온것만 보고 아는것뿐이지만 이 둘 관계성 너무 귀엽고 이상적이라 좋아함 +해은과 현규의 행복을 바라는 나언이
2022. 10. 1.,전체 게시판 - 근데 진짜 환승연애 타겟 바꿔가면서 악플 다는 거 ...,유튜브 댓글로 루머도 오지게 퍼트리고 원색적인 악플들 진짜... 할 짓 없어서 연애프로나 과몰입하면서 악플 달고 사나봄.
2022. 10. 9.,<환승연애2> 드라마 보는 것 같은 비줠 맛집 (현규해은) - 더쿠,<환승연애2> 드라마 보는 것 같은 비줠 맛집 (현규해은). https://theqoo.net/2603532365. 무명의 더쿠 | 10-09 | 조회 수 9476. FelinePortlyDassierat
2022. 9. 18.,환승연애 원빈으로 노젓는 중인 티빙 - 스퀘어 카테고리 - 더쿠,오늘 티벤이 운영하는 유툽에 올라온 원빈이 모음 https://www.youtube.com/watch?v=d33vYDT_OMg 그리고 티빙 인스타에도 귀여운 요정 원빈이라는 이름으로 올라옴ㅋ ...
2022. 10. 28,쌈디 인스타 업데이트(환승연애2 빠잉) - 스퀘어 카테고리 - 더쿠, 쌈디 인스타 업데이트(환승연애2 빠잉). https://theqoo.net/2621904498. 무명의 더쿠 | 23:06 | 조회 수 1396. BGafR.jpg jloSc.jpg AQmdX.jpg taUKg.jpg mBCDg.jpg
2022. 10. 28,[환승연애2] 눈물났던 목걸이 복선 - 스퀘어 카테고리 - 더쿠, https://twitter.com/sunlightstar228/status/1585975145407328256?s=21&t=ZUHcYqXwB-Hf1hKcUC3s5A https://img.theqoo.net/uDaOb.
2022. 10. 24,환승연애2로 초대박 터뜨린 티빙 이용자수 근황.jpg - 더쿠, https://img.theqoo.net/FjpdX 24일 티빙에 따르면 환승연애2는 전체 에피소드 1~19화 기준 역대 티빙 내 콘텐츠 중 '주간 시청 UV 1순위'를 달성했다.
2022. 10. 22,환승연애 보고 울었다는 아이들 민니.twt - 스퀘어 카테고리 - 더쿠, https://twitter.com/regards_urlight/status/1583055241779417089?s=21&t=_2FqzjPSgedlVUTfbaNI_g.
2022. 10. 29,정현규와 남희두의 환승연애 세계관 로그인 순간 - 예능 카테고리, 정현규님이 환승연애 세계관에 로그인하였습니다. https://gfycat.com/RemarkableEmotionalBlackpanther 남희두님이 환승연애 세계관에 로그인하였습니다.
2022. 9. 27.,반응 제대로 터진 환승연애2 이번주 예고편.jpg - 스퀘어 카테고리,https://t.youtu.be/T4Oh4fp9GyU https://img.theqoo.net/ITbmi 이미 지난주에 나온 예고에 현규해은 컷만 추가된건데 나온지 한나절 넘어서 96만뷰 넘음 근데 ...
2022. 9. 23.,멘사회원인 환승연애 남메기 - 스퀘어 카테고리 - 더쿠,멘사회원인 환승연애 남메기. https://theqoo.net/2589042357. 무명의 더쿠 | 09-23 | 조회 수 8103. jmYAb qFret 아이큐 156 서울대 체대 공대 복수전공
2022. 10. 23,환승연애는 보지만 응원은 안 한다는 아이돌... - 스퀘어 카테고리, https://twitter.com/wwaannzzaa/status/1584217242618990592?t=MZBYLUbvtcGh9rADBwkahg&s=19 비비지 은하 (참고로 MBTI=ISTP) 나도 이렇게 봤어야하는데...
2022. 9. 30.,HOT - 환승연애 이번화에서 도파민 폭발로 반응 터진 장면 - 더쿠,x가 다른 사람에게 호감 문자를 보낸걸 확인하고 옆에서 즐겁게 대화나누는 것까지 보면서 동요하는 해은을 지켜보는 현규 시선끝이 항상 해은에 머물러 있음 ...
2022. 10. 20,환승이직 (환승연애 직장인ver.) - 스퀘어 카테고리 - 더쿠, ㅋㅋㅋ 아씨 환승연애는 안보는데 이건 보고 싶다. 존나 웃길듯 ... 연애버라이어티는 하나도 안궁금했는데 이건 겁나 보고싶다ㅋㅋㅋㅋㅋㅋ. 12.
2022. 11. 7.,환승연애2 현규 실물 체감짤 - 스퀘어 카테고리 - 더쿠,환승연애2 현규 실물 체감짤. https://theqoo.net/2626158822. 무명의 더쿠 | 11-02 | 조회 수 98086. LastSomberAmurratsnake WearyNeatFrigatebird
2022. 10. 26,환승연애2 현규가 해은이보고 빛 같다고 했어? - 예능 카테고리, 비회원은 작성한 지 1시간 이내의 댓글은 읽을 수 없습니다. 로그인 후에 바로 열람 가능합니다 ^^. 3. 무명의 더쿠 ...
2022. 11. 4.,[환승연애2] 온 세상에서 남희두를 알아주는 사람은 이나연 한명 ...,때는 시청자들이 18 19회 연달아 이어진 편집의 농간으로 희두가 지연이를 좋아한다 생각했을 시점.. 결국 나연이는 희두를 최종으로 선택하는데 ...
2022. 8. 29.,환승연애 경험은 없는듯한 아이돌 - 스퀘어 카테고리 - 더쿠,"환승연애는 안 해봤지만 환승은 자주 해봤습니다 pic.twitter.com/7CZ2etpqow. — 박수빈 저장소 (@Soobin_save) August 29, 2022."
2022. 10. 11,환승연애2 제작진 고소 공지 - 스퀘어 카테고리 - 더쿠, https://img.theqoo.net/Crarh.
2022. 11. 5.,[환승연애2] 현규의 구글 프사.jpg - 스퀘어 카테고리 - 더쿠,https://img.theqoo.net/Pxitb 홍합 물린 양파 쿵야... + 설명 왜 홍합이냐? https://img.theqoo.net/EdByE 처음 온 날 제주 바람에 머리가 눌려 홍합머리가 되어서 ...
2022. 11. 4.,환승연애2)) 사랑에 빠진 얼굴.... - 스퀘어 카테고리 - 더쿠,마치 사랑이 피어나는 순간을 목격한 기분ㅠㅠ 뭉클한 규민이 쓴 X(해은) 소개서와.... 그걸 본 현규 (외국팬이 인증한 인스스) 오래오래 영사해.
2022. 10. 16,'환승연애2' 티빙 역대 오리지널 누적 유료가입기여자수 1 ... - 더쿠, 연애 리얼리티 '환승연애2'가 시즌1의 인기를 뛰어넘었다.지난 14일(금) 오후 4시 공개된 티빙 오리지널 '환승연애2' 18화는 14주 연속 주간 유료가입기여자수 1위를 ...
2022. 9. 2. ,[환승연애2] 원빈해은이라는 추측이 많은 티저 속 허리손 짤 - 더쿠,ttps://gfycat.com/SpicyElderlyAfricanharrierhawk 환연 30초 티저에 나옴 저 가방이 해은이가 가지고 다니는 거라 여성은 해은이로 확정적이다가 지수도 비슷한 거 ...
2022. 10. 30,환승연애2 이 짤 보는데 눈물나ㅜㅜ - 예능 카테고리 - 더쿠, https://gfycat.com/MellowNearGreatdane 다들 행복만 해야 돼요.
2022. 11. 1.,[환승연애2] 광기 그 자체인 현규.jpg - 스퀘어 카테고리 - 더쿠,눈 개아플텐데 계속 똑바로 쳐다보고 있기 djCNj TUaUs 해은이한테 전화하면서 누나가 하고싶은대로 하라고 하지만 누가봐도 나한테 오라는 눈빛ㅋㅋㅋㅋ
2022. 11. 9.,격리해제하고 환승연애 막화 다같이 보기로한 르세라핌 근데,https://img.theqoo.net/DDNDg https://img.theqoo.net/zHtTr https://img.theqoo.net/dPMsk 이틀 남았는데 시작도 안함 Tmi : 참고로 환승연애는 20부작에 한 화에 3 ...
2022. 9. 29.,[환승연애2] ㄹㅇ 환승연애인 얼굴합 쩌는 커플.jpgif - 더쿠,편집자가 태이나언 ㄹㅇ 개좋아했을듯 왜냐면 거를 타선이 없음 나도 거의 편집 안함ㅋㅋㅋㅋㅋㅋㅋㅋㅋㅋㅋㅋ 티키타카가 물 흐르듯이 너무 잘됨 화제 전환도 그렇고 ...
2022. 7. 16.,전체 게시판 - 환승연애 영어제목 되게 잘지었다 - 더쿠,환승연애 영어제목 되게 잘지었다. https://theqoo.net/2518677475. 무명의 더쿠 | 07-16 | 조회 수 2400. EXchange. EX만 대문자고 전체 뜻으로 봐도 프로그램에 부합 ...
